[
  {
    "id": "1518368040244547584",
    "created_at": "2022-04-24 23:15:25+00:00",
    "user": "Aged Care Housing We",
    "text": "Public/private partnerships crucial to meet demand for affordable housing\nMELBOURNE: Public/private partnerships are crucial to be able to meet demand for affordable housing says a researcher.\n\nNew York City has an immediate need for 230,000 new residential units to accommo... "
  },
  {
    "id": "1518359931098861569",
    "created_at": "2022-04-24 22:43:11+00:00",
    "user": "Lori Marshall",
    "text": "RT @simongerman600: Growth in Melbourne\u2019s urban fringe offers the opportunity of adding affordable housing stock but we might repeat past m\u2026"
  },
  {
    "id": "1518353602544168961",
    "created_at": "2022-04-24 22:18:03+00:00",
    "user": "Jorge Rom\u00e1n \ud83c\udde6\ud83c\uddf7 \ud83c\uddfa\ud83c\udde6",
    "text": "RT @simongerman600: Growth in Melbourne\u2019s urban fringe offers the opportunity of adding affordable housing stock but we might repeat past m\u2026"
  },
  {
    "id": "1518351503550992385",
    "created_at": "2022-04-24 22:09:42+00:00",
    "user": "sv hohchifo yvt Makayla",
    "text": "RT @simongerman600: Growth in Melbourne\u2019s urban fringe offers the opportunity of adding affordable housing stock but we might repeat past m\u2026"
  },
  {
    "id": "1518350824472199173",
    "created_at": "2022-04-24 22:07:00+00:00",
    "user": "\u03c9\u03b1\u2113\u01ad\u03b5\u0ae8 \u03c9\u0266\u0e40\u01ad\u03b5 \u00a9",
    "text": "RT @simongerman600: Growth in Melbourne\u2019s urban fringe offers the opportunity of adding affordable housing stock but we might repeat past m\u2026"
  },
  {
    "id": "1518350402831495174",
    "created_at": "2022-04-24 22:05:20+00:00",
    "user": "Simon Kuestenmacher",
    "text": "Growth in Melbourne\u2019s urban fringe offers the opportunity of adding affordable housing stock but we might repeat past mistakes. Population growth mustn\u2019t outpace infrastructure growth. Systemic issues are holding the city back! Follow me on TikTok:  "
  },
  {
    "id": "1518167353095503872",
    "created_at": "2022-04-24 09:57:57+00:00",
    "user": "LuTfi /\u0644\u0637\u0641\u064a",
    "text": "RT @SaulEslake: I spoke with Melbourne radio 3AW's @TomElliott3AW yesterday afternoon about why the housing policies of successive governme\u2026"
  },
  {
    "id": "1518124974103724033",
    "created_at": "2022-04-24 07:09:33+00:00",
    "user": "Frank Valentic",
    "text": "Melb faces a rental housing crisis as many rental properties are in short supply now. Melb vacancy rate peaked at 5.3% during pandemic and has now dropped to 1.8%. There are many rental properties for lease that are now seeing multiple tenants apply\n"
  },
  {
    "id": "1518099839414050816",
    "created_at": "2022-04-24 05:29:41+00:00",
    "user": "\u2747\ufe0f TheiCookSlug \u2747\ufe0f",
    "text": "@HankMeyerNAPP They\u2019ll probably build a monstrosity commission housing tower on it. They did the same thing next door to me in melbourne. The rezoned their own blocks to allow them to build up to four storeys. I sold my house before it was finished."
  },
  {
    "id": "1518074072865062912",
    "created_at": "2022-04-24 03:47:18+00:00",
    "user": "Yellow Gold Goldie",
    "text": "@HulbertOld @taipan168 @VicIndyMovement Right. So you understand that $580k per bed is about 4x the cost of what building normal social housing is in inner Melbourne. They could have built two towers to house 2,000+ persons in total with this money and all the services with it. Instead we have an empty facility"
  }
]